platform,content,date,rating,likes,saves,comments,source,username,park
小红书,"天坛2小时路线｜北门进西门出超顺逛✨
1. 北门入园 → 祈年殿（东门入）
• 从北门进园，沿主路向南直行
• 途经北天门、古柏林，约5分钟到祈年殿东门（检票入口）￼￼￼
• 进殿参观：祈年殿、皇乾殿、东西配殿
	
2. 祈年殿 → 丹陛桥 → 回音壁（皇穹宇）
• 从祈年殿南门（正门）出，出来后上丹陛桥（360米长神道）￼￼￼，可在祈年殿南门文创店买冰箱贴
• 沿丹陛桥向南走，直达皇穹宇（回音壁）￼￼￼
• 体验：回音壁、三音石、皇穹宇正殿
	
3. 回音壁 → 圜丘 → 斋宫
• 皇穹宇向南，到圜丘坛（天心石）
• 圜丘西侧出口，向西经三座门、古柏区，前往斋宫
	
4. 斋宫 → 双环万寿亭 → 西门出
• 斋宫向东 → 双环万寿亭
• 沿西侧主路向北，直达西门（出口）￼ ￼￼￼
	
全程顺向不走回头路，春日配古柏红墙，慢悠悠打卡拍照刚好2小时。记得买旺季联票34元，下午要在六点前进入到各个景点，六点后只能逛公园。
	
#北京旅游 #天坛攻略 #北京小众拍照 #天坛游玩路线 #红墙蓝瓦片片祈年 #古建筑之美风景区 #古建筑 #一砖一瓦一红墙
编辑于 04-26",,0,0,2428,1,post,,公园B
小红书,明天上午只有两小时空挡，希望能复刻成功,,0,1,0,0,comment,冰美式的盛夏光年🥕,公园B
小红书,哈哈老师加油 今天工作日，两小时妥妥的够,,0,2,0,0,comment,"嘻嘻嘻
作者",公园B
小红书,同款,,0,21,0,0,comment,轻描淡写,公园B
小红书,你好请问这是哪个位置,,0,3,0,0,comment,归简,公园B
小红书,在哪里买票,,0,2,0,0,comment,加小西,公园B
小红书,手机小程序,,0,1,0,0,comment,"嘻嘻嘻
作者",公园B
小红书,请问图一需要进到景点里嘛？,,0,0,0,0,comment,leee,公园B
小红书,图一不用哦 北门进去 找人多的地方就是经典机位,,0,2,0,0,comment,"嘻嘻嘻
作者",公园B
小红书,祈年殿西门出 压根不是丹陛桥 此时此刻正在西门无语凝噎,,0,2,0,0,comment,余敢想_,公园B
小红书,姐妹是不是理解错了 1. 箭头 = 指引下一个游览目的地2. 祈年殿东、南、西三个门距离都很近；3. 特意走祈年殿东门进西门出再到丹陛桥目的：不走回头路、一次性看完三面风景+方便拍照；4. 丹陛桥就在中轴线上，位置是中轴线主道,,0,3,0,0,comment,"嘻嘻嘻
作者",公园B
小红书,周一买联票进不了这些景点对么,,0,0,0,0,comment,feifeivivi,公园B
小红书,天坛核心景点（祈年殿、回音壁、圜丘、斋宫等）：全年周一闭馆，只开放公园外坛，进不去任何收费景点,,0,1,0,0,comment,"嘻嘻嘻
作者",公园B
小红书,想问一下去那个双环万寿亭走哪个门比较近👀,,0,1,0,0,comment,十六年峒龄打工人😈,公园B
小红书,西门最近哦,,0,1,0,0,comment,"嘻嘻嘻
作者",公园B
小红书,博主可以求一张图一的原图嘛,,0,0,0,0,comment,昵称要来有什么用,公园B
小红书,🆗！我私你,,0,3,0,0,comment,"嘻嘻嘻
作者",公园B
小红书,在北门近，地铁哪个出口呢？,,0,0,0,0,comment,.kii,公园B
小红书,请问小孩子不需要买是吗,,0,2,0,0,comment,最美的不是下雨天,公园B
小红书,未成年人不需要买票的～,,0,2,0,0,comment,"嘻嘻嘻
作者",公园B
小红书,"不热也不冷
不干也不潮
北京最近的天气实在是非常不错
请继续保持
	
天坛公园票分两种
1、联票：34元，除了满公园溜达，还可以看祈年殿、皇穹宇、回音壁、丹陛桥、圜丘这几个景点。
营业时间 8:00-18:00，17:30停止进入。（皇穹宇在维修）。
2、公园门票：15元，满公园溜达，营业时间
6:00-22:00。
	
我们是东门进，西门出，东门进来后，会陆续路过，北宰牲厅、北神厨、七十二连廊，然后到达祈年殿检票口。
从祈年殿出来，顺着丹陛桥往南走，走到皇穹宇，回音壁也在这里
再往南走，到达圜丘，一个白色的台子，顺着指示牌从西门出来。
	
📍📍📍祈年殿出片地点
⛳️1、面对祈年殿正门，左边有个台子，那里拍照很好看
⛳️2、从祈年殿出来到丹陛桥，那个门楼也很出片⛳️3、从祈年殿出来，左边走，绕道祈年殿东面，有一处也不错，一半城墙，一半殿宇，下午有点逆光。上午应该比较好。
⛳️4、祈年殿的正后面，有两个角，那些照片很多好看的照片都是在这拍的。
	
除了祈年殿出片的地方，整个天坛公园也很值得逛，很多树龄300多年到600多年的古树，郁郁葱葱、遮天蔽日，夏天非常凉快，还有很多小动物。
⚠️祈年殿的票是一次性的，出来后就不能再进去。
⚠️祈年殿这一路的景点，17:30以后都不让进了，18:00开始关闭。
⚠️天坛公园是故宫的四倍，也挺费体力了。
⚠️天坛公园内没有吃饭的地方，如果准备在公园待得久，自己带着干粮。
⚠️选一个好天气，才能看到碧蓝的琉璃瓦，阴天就是灰蒙蒙的。
	
#天坛 #天坛公园 #祈年殿 #北京天气 #北京宜居
3天前 北京",,0,0,3,0,post,,公园B
小红书,你这个天坛是什么时候的照片呀 刷到抖音里都在维修,2026-06-11,0,0,0,0,comment,1Youth_,公园B
小红书,昨天的，只有皇穹宇在维修，其他都正常,2026-06-11,0,0,0,0,comment,"咖啡不加糖
作者",公园B
小红书,"City walk分享｜北京天坛是个巨大的能量场
📍拍摄地点：天坛公园
⏰时间：2026.04.19
其实就这几条:
1️⃣交通
🚇东门进 五号线天坛东门站 A2 口出，走大概三分钟就可以看见检票口
🚇西门出 8 号线天桥站 C 口进 走三分钟左右就可以到地铁口
2️⃣购票
第一次去天坛一定要买联票包含【祈年殿、回音壁、圜丘】当然了最出片的还是祈年殿祈年殿周五、周六晚上会亮灯。⚠️18 岁以下 60 岁以上免门票搜【天坛公园官方购票平台】
3️⃣拍照
祈年殿外围东南西北都有网红出片点位，也有许多摄影师可以试拍满意就拍不满意可以走。⚠️注意别上当了！
这几天都是雾天，天空雾蒙蒙的建议还是可以找人拍照📷主打来都来了😂前面是找人拍的照片 后面几张是自己用手机拍的，看起来就比较暗。
往斋宫方向目前有海棠和丁香都是花季非常美，很出片，玉兰已经过季。可惜现在月季还没开，月季开花肯定也很美预计在五月中旬左右能开
5️⃣路线
不走回头路的路线
5号线天坛东门站A2口出，天坛东门进祈年殿皇穹宇圜丘坛斋宫西门出 8号线天桥站进
6️⃣温馨小贴士❤️
春天雨季来临经常会时不时的下雨，可以带一把伞既可以遮阳也可以防雨
天坛公园非常大建议穿舒适的鞋子走路公园里面也非常多的椅子可以歇歇脚
建议提前网上买好票可以节省时间
#天坛今日
#祈年殿
#北京旅游去哪
#北京旅游攻略
#天坛拍照
#小红书摄影发现计划
#北京周末去哪儿
#斋宫
#古建筑摄影
#天坛攻略
04-19",,0,0,4038,1,post,,公园B
小红书,这个路线紧凑点，1.5小时能走完吗？,,0,1,0,0,comment,超级玛丽,公园B
小红书,请问你去了嘛 大概走了多久呀,2026-06-08,0,0,0,0,comment,Helen,公园B
小红书,不买联票能在祈年殿跟前拍照吗,,0,0,0,0,comment,Hsu,公园B
小红书,只能在外围哦,,0,3,0,0,comment,"林咩咩
作者",公园B
小红书,这一趟下来得多久啊？如果想精简东门进，西门出可以吗,,0,6,0,0,comment,破晓时分,公园B
小红书,可以呀，公园里面挺大的，精简下来可能也得一个半小时,,0,4,0,0,comment,"林咩咩
作者",公园B
小红书,请问可以北门进东门出吗？,,0,0,0,0,comment,小阳小阳天天放🐑,公园B
小红书,可以的，就是这样走的比较绕，如果你只去祈年殿就可以北门进东门出，如果时间不赶还是可以走图中这个路线，往西门走天气好的话草坪和树林很美非常有意境。,,0,4,0,0,comment,"林咩咩
作者",公园B
小红书,住珠市口从哪里近方便逛完吃晚饭,,0,4,0,0,comment,肉肉,公园B
小红书,宝子你去了吗，我也打算住珠市口,,0,1,0,0,comment,Doraemon,公园B
小红书,请问天坛工作日提前一天买票来得及吗？,,0,4,0,0,comment,刘耘耘🥕,公园B
小红书,这个不确定最好还是提前订好,,0,3,0,0,comment,"林咩咩
作者",公园B
小红书,祈年殿，皇穹宇，圜丘坛可以进去吗？,,0,1,0,0,comment,一切都太假,公园B
小红书,买联票就都可以进啦,,0,1,0,0,comment,"林咩咩
作者",公园B
小红书,早看到这个就好了，逛一圈出来只看了祈年殿,,0,0,0,0,comment,溺水,公园B
小红书,怎么买联票,,0,0,0,0,comment,丁满,公园B
小红书,3是在哪里拍的,,0,0,0,0,comment,我喜欢k,公园B
小红书,祈年殿西侧草坪,,0,1,0,0,comment,"林咩咩
作者",公园B
小红书,"北京天坛俩小时精华路线，盖章，美食，亮灯
第175集 | 第一次来天坛公园怎么玩？俩小时精华游览路线，盖章，美食，亮灯时间一次性说清楚，收藏好，马上出发吧！#天坛公园 #北京旅游攻略 #北京旅游 #北京天坛 #周末去哪儿 #北京citywalk #祈年殿 #历史人文景点 #带着学古去旅行 #保护古建筑
猜你想搜
2026年天坛亮灯时间表
05-24 北京",,0,0,2000,0,post,,公园B
小红书,请问多久能走完？,,0,0,0,0,comment,momo,公园B
小红书,俩小时,,0,0,0,0,comment,"丹十月
作者",公园B
小红书,泰山发源于长白山，才对吧？,,0,0,0,0,comment,许少寒,公园B
小红书,这个自由行还是请导游比较好呢,2026-06-08,0,0,0,0,comment,IKun.Cherry.凤,公园B
小红书,自己走就行,2026-06-09,0,0,0,0,comment,"丹十月
作者",公园B
小红书,踢小孩啦,2026-06-12,0,0,0,0,comment,小红薯67D55304,公园B
小红书,来错门了，来南门了，南门进也一样吧,2026-06-11,0,0,0,0,comment,在下绿青侯女士,公园B
小红书,下午逛天坛晚上拍祈年殿夜景，线路谢谢,,0,0,0,0,comment,剥柚Biu,公园B
小红书,@居居哇 @Mid,2026-06-07,0,0,0,0,comment,水草精,公园B
小红书,已阅地图小姐,2026-06-07,0,0,0,0,comment,Mid,公园B
小红书,天坛深度游素拓研学 天坛深度讲解,,0,0,0,0,comment,Explore China 中國旅行,公园B
小红书,"天坛公园预约全攻略，避开每一个小坑！
来天坛不听讲解，你都不知道天堂有许多有趣的故事。为什么丹陛桥是条南北大道，而被叫做桥?为什么天坛中间的道路皇帝也不走？回音壁的声学原理?
	
开放时间:公园（6:00-22:00），园中园（祈年殿）:8:00-17:30（周一园中园闭馆，公园照常开放，法定节假日除外）
	
交通指南:
东门:地铁5号线天坛东门站a口
西门:3号线天桥站c口
南门:公交202路到南门
自驾可以去北门停车场或东门停车场或附近商场步行前往。
	
打卡点
1️⃣祈年殿:早晨或闭馆前的人比较少，建议穿浅色的衣服。广角仰拍
2️⃣丹陛桥:360m长御道，可以站在中间拍
3️⃣回音壁:贴墙上说悄悄话，对面可以听到
4️⃣斋宫:人少幽静，免费，但是需要现场扫码。
	
⚠️天坛比较大，要走很多的路，要穿舒服的鞋。
⚠️祈年殿文创雪糕可以打卡。
⚠️周六，周日或者节假日晚上亮灯是9点前可入园拍夜景
⚠️最好带一个充电宝
	
参观一个地方，了解背后的文化密码，会增加游览体验。天坛不仅是一个公园，更是中国古代的至高象征。进去走马观花，不如讲解来的深刻～
	
#天坛 #天坛公园 #天坛公园讲解 #北京天坛 #祈年殿 #天坛公园拍照 #北京旅游攻略
2天前 陕西",,0,0,6,0,post,,公园B
小红书,这是一片荒地点击评论,,0,0,0,0,comment,,公园B
小红书,这是一片荒地点击评论,,0,0,0,0,comment,,公园B
小红书,"第①次去天坛？看这一篇就够啦！！
来北京
去天坛 怎么玩
今天给你整理两条不走回头路的路线，东门、北门各走一遍，后面还有夜景攻略～看完直接出发👇🏻
	
🎫 门票先搞清楚
公园大门票：15r（淡季10r）
联票（含祈年殿+皇穹宇+圜丘）：34r（淡季28r）
⚠️学生凭学生证、60岁以上老人凭sfz/老年证，都有优惠，记得带
⚠️ 建议联票，不然到了祈年殿门口要补票，很麻烦
	
✅交通
北门：适合打车，离景点也近、人比较少，进门侧面就有几个很出片的机位
东门：🚇天坛东门站A口出，10分钟到达祈年殿，但是人比较多
南门出：逛完圜丘坛从南门出来，就是「南门涮肉」天坛店
	
⏰ 开放时间
❗公园大门和景点的时间是分开的
• 公园大门：6:00-22:00
• 内部景点（祈年殿等）：8:00-17:30（17:00停止入园）
❌ 周一闭馆！祈年殿、回音壁、皇穹宇这些景点周一不开放（法定节假日除外）
	
✅路线推荐
1️⃣北门进：人相对较少，进门后走路5分钟就能看到祈年殿，适合只想快速打卡拍照的朋友～
2️⃣东门进，南门/西门出：精华路线（2-3小时）：东门进-七十二长廊-祈年殿-丹陛桥-回音壁-圜丘
🚪 路线一：东门进
进门后沿指示牌往西走 ➡️ 七十二长廊➡️ 祈年殿➡️ 丹陛桥 一路向南 ➡️ 皇穹宇【在维修】 ➡️回音壁➡️ 圜丘 ➡️ 南门出
⏱ 全程约 2.5~3 小时
	
🚪 路线二：北门进
北门直接对着祈年殿方向，进门走不远就能看到标志性的蓝顶三重檐。
进门径直向南 👉 祈年殿👉 丹陛桥 向南走 👉 皇穹宇 👉 回音壁 👉 圜丘 👉 南门出 或 原路返回北门
⏱ 约 1.5~2 小时
	
🌙夜景游玩指南
🎫 门票：如只想拍摄祈年殿亮灯，只需公园大门票15r/人，在祈年殿墙壁外侧拍摄即可
⏰开灯时间​​：没有固定的开灯时间，是根据每天日落天黑的时间来决定的，通常在晚上19:00-19:30左右
💡祈年殿的灯只有周五、周六和重大节假日晚上才会亮。亮灯的祈年殿和白天完全是两个感觉！
✅️醉好提前到，能看到日落和蓝调下的天坛，好美
✅️晚上21：00熄灯，如果拍夜景要在晚上21：00之前。
#北京旅游 #北京旅游攻略 #北京旅游团 #北京导游 #北京本地旅行社 #天坛公园 #天坛公园攻略 #天坛夜景 #天坛路线 #祈年殿
猜你想搜
天坛公园买门票还是买联票
昨天 18:55 北京",,0,0,17,0,post,,公园B
小红书,📸 来北京必拍！天坛这些机...,2026-06-14,0,0,0,0,comment,北京惠民银行贷款,公园B
小红书,"天坛不走回头路攻略：三小时逛遍四大建筑群
天坛足足有4个故宫那么大，核心建筑却只占5%！整片园区95%都是古树空地，不懂玩法跟风瞎逛，大概率全程暴走、累到瘫倒！今天带你解锁最佳游览动线，一次性逛遍所有核心古建，不走半步冤枉路！
	
绝大多数游客逛天坛都逛得不完整，只打卡了祈年殿、圜丘坛，白白漏掉一半核心古迹！天坛明清时代有五大建筑群，除牺牲所现已损毁不存，目前完整留存、值得打卡的核心，包括了神乐署、斋宫、圜丘坛、祈年殿四大建筑群。其中的神乐署是2026年2月刚刚开放的，很多过时的攻略都漏掉了它。
	
南门是普通游客流水线。真正正统、省力、复刻皇家祭天的古道，是西门进、东门出。人少景静、全程顺坡不折返，新手直接抄作业，三小时吃透天坛！
#天坛  #天坛公园  #天坛游玩路线  #北京导游协会  #天坛攻略  #世界遗产  #祈年殿  #天坛怎么逛省腿  #天坛西门进东门出  #好视频扶持计划   @北京文旅金名片
2天前 北京",,0,0,186,0,post,,公园B
小红书,天坛就应该走小象呀,2026-06-13,0,0,0,0,comment,李某在四处转悠,公园B
小红书,小象对一般游客来说有点难吧,2026-06-13,0,0,0,0,comment,"火神的影子
作者",公园B
小红书,上午去完天坛，下午应该去哪里比较合适？,2026-06-12,0,0,0,0,comment,月月喜多多,公园B
小红书,推荐去北海，这个皇家园林可能比颐和园还好。天坛西门还有先农坛也不错，里面的隆福寺藻井是一绝,2026-06-12,0,0,0,0,comment,"火神的影子
作者",公园B
小红书,"请不要5:30再进天坛了
我们是4点进天坛，12周岁以下孩子不用门票，大人十元一个。网上说不能进里面，还能拍亮灯。 好的，等我一路进去，门票检了，路过长廊，到了进 祈年殿门口（其实离殿还一段距离处），保安不让进了。最后只能在外面一堆树林里找角度拍几张殿的招牌，灰溜溜的走了。 我是看错啥攻略了吗？ 哎 看了一个寂寞回去  5:50左右亮灯，就开了一个灯而已 哎 那也不值得坐半小时的车，走路2千步进去看这远景吧？
01-31",,0,0,60,10,post,,公园B
小红书,没进去吗？我前几天4.42都进去了，拍了20分钟照片就出来了5点半还好多人在拍照，保安一直拿大喇叭喊清场了,,0,10,0,0,comment,长歌怀采薇,公园B
小红书,我是5:31到里面那个门那,,0,4,0,0,comment,"想要运动减肥的小鱼
作者",公园B
小红书,我这个紧凑吗？,,0,4,0,0,comment,雾岛,公园B
小红书,一天能逛完三个园吗,,0,20,0,0,comment,岛陆,公园B
小红书,园内景点关门时间早,,0,5,0,0,comment,卷卷,公园B
小红书,对 我只关注到大门关门时间 没发现园内时间,,0,1,0,0,comment,"想要运动减肥的小鱼
作者",公园B
小红书,从北门进能拍到稍微近点的,,0,8,0,0,comment,酷辰辰辰,公园B
小红书,我一圈也都拍回来了,,0,1,0,0,comment,"想要运动减肥的小鱼
作者",公园B
小红书,特意去拍就没必要了，只是刚好遇到可以拍一下而已,,0,5,0,0,comment,北漂嘅广东仁（地导版）,公园B
小红书,有道理 我就是那个特意去的 还带着孩子,,0,2,0,0,comment,"想要运动减肥的小鱼
作者",公园B
小红书,我儿子14也不要票,,0,0,0,0,comment,礼请池梦鲤,公园B
小红书,未成年还需要预约吗 在哪里预约呀 还是直接刷身份证就可以进,,0,1,0,0,comment,摇摇七喜-,公园B
小红书,所以 在外面不进去 拍不到的是吧？好的 那我就不过去了,,0,1,0,0,comment,✨布丁布丁🍮✨🍭,公园B
小红书,你看我发的那种 是在外面拍的 看你能不能接受,,0,0,0,0,comment,"想要运动减肥的小鱼
作者",公园B
小红书,请问是只祈年殿关门，还是包括皇穹宇和圜丘在内都一起关门了？,,0,0,0,0,comment,你猜我是谁,公园B
小红书,全都关,,0,0,0,0,comment,"想要运动减肥的小鱼
作者",公园B
小红书,都是网上营销号喊拍夜景,,0,1,0,0,comment,一起读书呀,公园B
小红书,"📸天坛｜北进南出，超好拍的2小时精华线路✨
天坛真的是中式美学天花板！
只要赶上晴天，随便一拍都是壁纸级📸
虽然人从众，但祈年殿机位超级多，
多转几个角度 + 耐心等一等 + 适当仰拍，
照样能拍出无人的空镜美图！
	
🎫 门票（买联票！）
🔸大门票15元（淡季10元）只能进公园外围
🔸联票34元（淡季28元）含祈年殿、回音壁、圜丘坛三大核心
⚠️ 周一祈年殿等园内景点闭馆
	
🚶‍♀️ 路线：北门进 → 南门出
🔸北门 → 北天门 → 祈年殿外围（先走东面外圈，从东入口进）→ 进入后围着祈年殿转一整圈 → 南口出来后走外西半圈 → 双环万寿亭 → 丹陛桥 → 皇穹宇 → 回音壁 → 圜丘坛 → 南门出
🔸天坛四个门，推荐北门/东门进（离祈年殿最近），西门/南门出，覆盖90%精华景点
	
📸 拍照机位
	
【祈年殿外】
🔸北天门：站在北天门外拍皇乾殿+祈年殿同框
🔸东北/西北外墙：经典网红机位，用红墙做引导线半遮挡祈年殿
🔸西入口：搭配阶梯拍出纵深感
	
【祈年殿内】
🔸祈年门前台阶：稍微仰拍避开人群，还能拍到正面牌匾，天气好超加分
🔸东入口：弧形门框构图，很有味道
🔸对角线机位：仰拍檐角与祈年殿攒尖顶，自然对角线
🔸东/西配殿外廊：利用柱子+屋檐做框架
🔸祈年殿门缝：透过祈年门的门缝拍大殿（相机效果更佳）
🔸祈年门机位：半框景，杨幂同款！拍人的话摄影师要站远一点
🔸红墙机位：祈年殿内的西南宫墙和东南宫墙，人少又出片
	
💡 拍照Tips
🔸别只挤正面！绕到侧面或后方，能拍到全景+少人背景
🔸善用栏杆、柱子、门洞做前景，遮挡路人
🔸周五/周六及节假日晚上，祈年殿亮灯，夜景也很绝
	
#北京旅游 #天坛 #天坛攻略 #天坛线路 #古建筑之美风景区 #北京拍照 #周末去哪儿 #红墙蓝瓦片片祈年 #古代建筑美 #一砖一瓦一红墙
昨天 15:07 天津",,0,0,87,0,post,,公园B
小红书,拍得真好，照片抱走了,2026-06-14,0,0,0,0,comment,萌周周12138,公园B
小红书,🈲转哈,2026-06-14,0,0,0,0,comment,"旅行の箭头
作者",公园B
小红书,天坛公园现在修好了？,2026-06-14,0,0,0,0,comment,好运跳跳糖,公园B
小红书,这两天北京热吗,2026-06-14,0,0,0,0,comment,天涯独行客,公园B
小红书,拍的真好,2026-06-14,0,0,0,0,comment,爱拍照的鲍师傅,公园B
小红书,暑假去,2026-06-13,0,1,0,0,comment,香菜公主,公园B
小红书,"终于，拍到天坛公园的亮灯时刻！
#天坛 #祈年殿 #祈年殿亮灯
蓝瓦红墙，中式美学。
	
小提醒：
祈年殿的灯是周五，周六和重大节假日开
开灯时间最近是晚上8点
公园大门开门到晚上10点，园内景点（祈年殿等）到晚上6点就不能进啦。
猜你想搜
天坛公园亮灯时间表
昨天 11:59 北京",,0,0,4,1,post,,公园B
小红书,陪一个,2026-06-13,0,1,0,0,comment,建筑乔工记录北京📸,公园B
小红书,📸 来北京必拍！天坛这些机...,2026-06-13,0,1,0,0,comment,北京惠民银行贷款,公园B
小红书,北京欢迎你，哈哈~,2026-06-13,0,0,0,0,comment,"假装是个摄影师
作者",公园B
小红书,"‼️去天坛，一定要赶夜场！
下午4:30进天坛！一次性get白天+亮灯夜景！
	
🔹为什么选4:30？
•白天场buff：避开正午暴晒，下午的光线柔到离谱，拍祈年殿时，蓝绿色琉璃瓦在阳光下清透得像玉，红墙光影也变得特别温柔，原相机直出都能刷爆朋友圈；
•夜景彩蛋：天坛旺季亮灯时间大概在18:00-18:30，4:30进场刚好能逛完核心区，然后蹲守亮灯！当暖金色灯光打在祈年殿檐角，古建瞬间变“鎏金仙境”，这画面错过哭一年！
	
🔹4:30-闭园「黄金行程」
极速打卡核心区（4:30-17:30）
➡️逛回音壁+圜丘：这俩离祈年殿不远，走走拍拍，感受“古人声学黑科技”，同时等日落
	
➡️直奔祈年殿：买联票（划重点！联票能进祈年殿内部区域，离得越近拍得越震撼）
	
蹲守亮灯时刻（17:30-18:30）
◦	一定要在17:30之前到达祈年殿广场，晚了就关门了。找个视野开阔的位置（比如台阶中段），看着夕阳把天空染成橘粉，然后等灯光亮起——暖光从殿檐缝隙里透出来，和渐暗的天色撞出“赛博古风”感，手机开夜景模式狂拍就对了；
◦	拍“亮灯特写”：凑近祈年殿外围，聚焦檐角的灯影和彩绘，暗夜里的古建细节会被灯光衬得格外立体
	
更多旅行好地方，去主页看看@青柠爱逛逛👀
	
#天坛 #天坛攻略 #北京攻略 #北京旅行 #天坛夜景 #天坛公园 #天坛拍照#秋日长椅三分钟  #漫步北京之秋
	
超多北京好玩推荐，戳👇👇
编辑于 2025-12-01",,0,0,1424,25,post,,公园B
小红书,推荐从南门进，17:30前逛到祈年殿， 待到6:00开灯,2025-10-04,0,25,0,0,comment,"青柠爱逛逛👀
作者",公园B
小红书,小程序上显示15:30分，一定得这个时间入园吗？,2025-11-15,0,6,0,0,comment,小红薯60413F85,公园B
小红书,只有星期五六日才开灯！不要跑空,2025-12-19,0,23,0,0,comment,番番番茄🍅,公园B
小红书,请问一月份的周五六日也有亮灯吗？天坛逛下来大概需要多久呀,2025-12-21,0,1,0,0,comment,momo,公园B
小红书,我4点半到北京西直接赶去天坛还来的及吗博主,,0,0,0,0,comment,，,公园B
小红书,有点紧张，可以直接冲祈年殿,,0,0,0,0,comment,"青柠爱逛逛👀
作者",公园B
小红书,夜场票怎么买啊,,0,0,0,0,comment,比比多味豆,公园B
小红书,没有专门的夜场票，如果要看开灯，需要在景点关闭前进入,,0,0,0,0,comment,"青柠爱逛逛👀
作者",公园B
小红书,几点闭园,,0,0,0,0,comment,Vivi,公园B
小红书,22点,,0,0,0,0,comment,"青柠爱逛逛👀
作者",公园B
小红书,感谢分享，所以最好的时候去是周五或者周六的4点多，然后5点半前到达祈年殿。,2025-11-03,0,3,0,0,comment,FS1,公园B
小红书,是的，周末和节假日亮灯时间可以在公众号上查到,2025-11-03,0,6,0,0,comment,"青柠爱逛逛👀
作者",公园B
小红书,不要删 17号下午按这个攻略走！！,2025-10-12,0,2,0,0,comment,momo,公园B
小红书,哈哈，好的👌,2025-10-13,0,0,0,0,comment,"青柠爱逛逛👀
作者",公园B
小红书,那晚点7点半左右可以进去嘛？,2025-10-08,0,0,0,0,comment,call唯,公园B
小红书,这个时间收费景点都进不去了,2025-10-13,0,4,0,0,comment,"青柠爱逛逛👀
作者",公园B
小红书,过了5点半就不让进了吗,2025-10-07,0,2,0,0,comment,路桑吉,公园B
小红书,2个付费的景点就进不去了，祈年殿和圜丘,2025-10-07,0,4,0,0,comment,"青柠爱逛逛👀
作者",公园B
小红书,12.31号是周三，感觉应该会开灯吧,2025-12-29,0,0,0,0,comment,🌸,公园B
小红书,不好说呢，可以电话问问,2025-12-29,0,2,0,0,comment,"青柠爱逛逛👀
作者",公园B
小红书,"北京｜天坛公园 祭祀祈谷黑三度
📍门票：成人联票34元（包含祈年殿、回音壁、圆丘），这三个点都需要重新检票，60岁以上免票
	
📍交通：地铁五号线可到东门，公交车也有好多趟可到，直接导航查询即可，北京的公交刷二维码都是半价，相当划算
	
📍游览线路：我是从东门入（检大门票），直直走就到祈年殿，检票入，上午的光刚刚好照到正面。从祈年殿出来一直往南经过丹陛桥就到回音壁和圆丘，需要继续检票；从圆丘南面的门出来往右，再往北走到斋宫，一路上人少静谧，也有很多座椅可以休息发呆，到了斋宫就离西门不远了，最后西门出。全程晃了三小时
	
📍中轴线上的景点人非常多，全程暴晒，出来立马有了埃塞血统，两边却绿树成荫
#北京 #天坛公园 #红墙蓝瓦片片祈年 #古代建筑艺术 #历史文化底蕴 #旅行
猜你想搜
北京天坛在哪里
2025-09-30",,0,0,237,4,post,,公园B
小红书,礼貌拿图主播,,0,4,0,0,comment,小杰你补药走呀,公园B
小红书,^_^^_^^^^_,,0,1,0,0,comment,八月的风,公园B
小红书,礼貌拿图,,0,5,0,0,comment,cc,公园B
小红书,准啦,,0,6,0,0,comment,"叶晓枫ZOE
作者",公园B
小红书,礼貌拿图,,0,1,0,0,comment,像鱼啊,公园B
小红书,礼貌拿图,,0,2,0,0,comment,观日落,公园B
小红书,超级超级不推荐,,0,0,0,0,comment,。。。,公园B
小红书,礼貌拿图啦,,0,0,0,0,comment,南风,公园B
小红书,礼貌拿图主播,,0,0,0,0,comment,我要打瓦,公园B
小红书,^_^^_^ ^,,0,0,0,0,comment,八月的风,公园B
小红书,礼貌拿图,,0,0,0,0,comment,小晴天,公园B
小红书,礼貌拿,,0,1,0,0,comment,好运滚滚来之小懒爱吃苞米,公园B
小红书,借图谢啦,,0,0,0,0,comment,Felix,公园B
小红书,礼貌拿图,,0,1,0,0,comment,N.,公园B
小红书,广东广州打工仔最累了,,0,0,0,0,comment,新苏坡,公园B
小红书,拿图,,0,1,0,0,comment,加仑,公园B
小红书,那很像了,,0,1,0,0,comment,蛋挞和,公园B
小红书,"天坛的6个冷知识，祈年殿根本不是祭天的
跟着@大咖说  又涨知识了，回来整理一下思永老师讲的天坛。
	
1. 你以为天坛就是祈年殿?其实祈年殿根本不是祭天的。
	
它叫祈谷坛，""祈""是祈祷，""年""在甲骨文里画的是一个人背着丰收的谷物回家所以祈年殿的本意是祈祷五谷丰收。
	
真正冬至祭天的地方，是南边那个多数游客走到祈年殿就折返的三层圆台：圜丘坛。连特朗普来都只到了祈年殿，真正的祭天之处他根本没走到。
	
2. 你以为回音壁是古人精心设计的声学奇迹?也不是。
皇穹宇(回音壁)的围墙原本只是存放皇天上帝神牌的地方。皇帝请神牌的禁地，谁敢在里面说话?拉出去砍头。1918年公园开放后，老百姓才发现这墙能传音。墙体用梯形砖磨砖对缝，表面平整到能镜面反射声波，加上圆形围墙加房檐拢音，声波沿着墙面一路跑到了对面。工程质量太好，碰巧造出来的效果，乾隆自己都不知道。
	
3. 你以为天坛不在中轴线上是规划疏忽?恰恰相反，是礼制避尊。皇帝坐北朝南，如果天坛正对紫禁城，等于天神面向皇帝行礼，这不合规矩。所以整体往东偏了一点，地坛也往中轴线错了一点，谁也不能让神冲着你拜。
	
4.  你以为皇帝祭天是天光大亮的庄严仪式?实际上祭天在日出前一个半小时就开始了，凌晨三四点，黑灯瞎火。现在影视剧都拍白天，因为夜里拍出来不好看。《火烧圆明园》才是按真实礼制拍的半夜仪式，还原度极高。
	
5. 你以为圜丘坛只是个普通的圆台?它的每一寸都在""凑数""。台阶九级，最上层从中心向外每圈石板都是九的倍数，第一圈9块，第二圈18块，最外圈81块。三层直径分别是九丈，十五丈，二十一丈，加起来四十五，对应九五至尊。整圈栏杆三百六十根，对应一年三百六十天。连2020年高考数学题都考过圜丘坛石板数量的计算。
	
6. 你以为皇帝配享天坛是铁饭碗?清朝规定，只有开疆拓土，没有丢失国土的先帝才能配享。丢了国土的皇帝没有资格入祀。皇帝也有KPI考核，业绩不达标，连祖先牌位都没资格摆进去。
	
天坛处处是规矩，处处是反常识。下次去，别只在祈年殿拍照。往南走，圜丘坛才是真正的祭天之处。
#天坛 #历史文化 #老北京
5天前 北京",,0,0,17,0,post,,公园B
小红书,这是一片荒地点击评论,,0,0,0,0,comment,,公园B
小红书,这是一片荒地点击评论,,0,0,0,0,comment,,公园B
小红书,"祈年殿消失之谜，真相只有一个！（不是
天坛公园东进西出2h游玩
去的这天天气很好～拍东西打光很棒，图为无滤镜直出。太阳真的有点大，戴墨镜友好www
没有每个殿都进去看。人太多啦，也没在拍照上花很多时间
祈年殿可以看到里面👀
圜丘中间据说是通达天地，站在那里试了试，没有什么感觉～适合拍照～（ps：需要排队）
有一些没人的小地方感觉也很好看～
西边有月季和牡丹园，还能偶遇小松鼠感觉这些植物也很好看，夕阳下有油画感～
#一砖一瓦一红墙 #城市文化和旅游 #天坛 #祈年殿
猜你想搜
天坛公园祈年殿什么时候降下去
04-29",,0,0,2,0,post,,公园B
小红书,这是一片荒地点击评论,,0,0,0,0,comment,,公园B
小红书,这是一片荒地点击评论,,0,0,0,0,comment,,公园B
小红书,"去天坛只要不进殿内是不是就不用买联票
2025-08-27",,0,0,76,171,post,,公园B
小红书,不进去只能拍这种,2025-08-27,0,171,0,0,comment,小妞暖羊羊,公园B
小红书,简单明了,2025-09-10,0,96,0,0,comment,哈哈哈哈哈哈哈,公园B
小红书,殿进不去，不买联票就没什么看的，围墙都围住了,2025-08-31,0,27,0,0,comment,momo,公园B
小红书,祈年殿是不让进的，买了联票也只能在外面拍，里面保护起来了,2025-08-31,0,34,0,0,comment,momo,公园B
小红书,不买得不到这个视角,2025-08-28,0,37,0,0,comment,煎蛋的小情歌,公园B
小红书,已经决定买联票了！,2025-08-28,0,10,0,0,comment,"不以己悲
作者",公园B
小红书,我买了联票,2025-08-28,0,1,0,0,comment,🍬candy🍬,公园B
小红书,北京景点是全国最便宜的 来都来了你还差这点钱吗,2025-09-04,0,3,0,0,comment,LEO,公园B
小红书,看不到完整祈年殿的，进不去那个院子，只能隔着院墙看到个塔尖,2025-08-27,0,4,0,0,comment,哈哈哈哈哈,公园B
小红书,要拍出片的照片需要联票,2025-08-28,0,3,0,0,comment,长岛冰菟,公园B
小红书,不是，不买门票只能看到围墙。另外，主殿内基本上不能进。,2025-08-29,0,0,0,0,comment,珊珊,公园B
小红书,谢谢评论区的宝宝们解答，因为第一次去不太懂，现在已经准备买联票啦！,2025-08-28,0,7,0,0,comment,"不以己悲
作者",公园B
小红书,60 以上老人是不是免票啊,,0,0,0,0,comment,Nic💋,公园B
小红书,进去吧难得去了北京,2025-08-27,0,3,0,0,comment,~~~~,公园B
小红书,需要提前预约吗,,0,0,0,0,comment,玊尔,公园B
小红书,是滴，我买的最便宜的票，外面走了一圈,2025-09-04,0,0,0,0,comment,Bobo,公园B
小红书,买联票才能进祈年殿院落内，不然只能在墙外看个屋顶。另外，祈年殿殿内本来就不让进，和联票不联票没关系。,2025-08-28,0,1,0,0,comment,云山乱🥕,公园B
小红书,不是殿内 台阶下 没票 也进不去,2025-09-02,0,1,0,0,comment,kong,公园B
小红书,是的，和我们用年票进门的一样，但这个季节仅适合跑步散步,2025-08-27,0,1,0,0,comment,椒样薄荷,公园B
小红书,晚上不要去，啥也看不到气死我了还黑不溜秋的,2025-08-29,0,0,0,0,comment,Vivian,公园B
小红书,不进殿内没啥好看的,2025-08-27,0,2,0,0,comment,物语籽,公园B
小红书,现在所有的都进不了殿内啊全部是围栏，只是可以拍到里面和眼睛远远看到,2025-08-27,0,3,0,0,comment,Kiton- 成都SKP娜娜,公园B
小红书,又不贵，肯定要买联票呀,2025-08-29,0,0,0,0,comment,张丸子,公园B
小红书,殿内买不买票都进不去的，买联票是可以进祈年殿那个景点，不然你过不了闸机,2025-08-27,0,1,0,0,comment,Kiton- 成都SKP娜娜,公园B
小红书,祈年殿和園丘的外围分别有圈坛墙，要是进这圈坛墙的话，要买联票,2025-08-29,0,2,0,0,comment,李郝健,公园B
小红书,就是天气不太好,2025-09-06,0,1,0,0,comment,暴富小欣,公园B
小红书,天坛不去祈年殿等于白去 何必省那三十多块钱,2025-08-29,0,1,0,0,comment,香水椰,公园B
小红书,不是的，你买上联票也不让进大殿里面，买了联票可以进院里，进不了屋里,2025-08-28,0,8,0,0,comment,葡萄彩绘,公园B
小红书,明白,,0,0,0,0,comment,小红薯64FB644B,公园B
小红书,天坛还是要买的要不等于白去。,2025-08-28,0,2,0,0,comment,享受风景,公园B
小红书,我也以为只要不进祈年殿就不要买联票，结果连大院都进不去还是乖乖补了联票,2025-08-28,0,7,0,0,comment,momo,公园B
小红书,你想拍一个从屋顶到底的完整祈年殿还是得买联票，大门票能看到的祈年殿会被外围围墙遮挡一半,2025-08-27,0,3,0,0,comment,MakkiXXX-,公园B
小红书,@無糖零零_ 还是买联票吧,2025-09-25,0,0,0,0,comment,鲨鱼凡凡,公园B
小红书,是的！,2025-09-25,0,0,0,0,comment,無糖零零_,公园B
小红书,"国庆来北京天坛公园你要知道的～懒人攻略
来北京别只去故宫啦，天坛才是神坛 刷了N次推荐的北京天坛公园，我来了～ 导航：天坛公园（东南西北）四个门
🚇 交通：
· 地铁5号线“天坛东门站”A口（最快到祈年殿）
· 地铁8号线“天桥站”C口（近西门）  📍 门票和开放时间：
· 微信搜“天坛官方购票平台”，买联票（34元）！普通票进不了祈年殿！一定要买联票，否则核心景点进不去。
 公园：6:00-22:00（21:00停入）  核心景点（祈年殿+回音壁+圜丘等）：8：00-18:00（旺季17:30停入，淡季16:30停入），周一闭园
🗺️ 路线推荐：（园内图见P18）
· 高效3小时：东门进→祈年殿→回音壁→圜丘→南门出
· 深度5小时：西门进→双环万寿亭→斋宫→圜丘→回音壁→祈年殿→东门出
📸 必打卡：
1. 祈年殿：日落前30分钟拍最美！隐藏机位在汉白玉栏杆侧边
2. 圜丘天心石：站中心许愿，体验“天听回响”
3. 斋宫附近松树林：秋天带坚果喂小松鼠🐿️
附近美食推荐：
【硬核正餐】 · 老北京铜锅涮肉：围炉而坐的氛围感拉满，麻酱烧饼是绝配！ · 北京烤鸭：仪式感满满，看师傅片鸭是种享受，打卡必点！
【宝藏小吃】 · 豆汁儿：本地人的早餐“快乐水”，味道很独特，小心上头哦～ · 爆肚：爽脆弹牙，是咱老北京最爱的下酒小菜。 · 老北京糖葫芦：饭后来一串，酸甜解腻，瞬间回到童年！
⚠️ 注意：
· 错峰出行！早7:30前或下午4点后人少
· 穿舒适运动鞋！至少走2万步
· 夏天带帽子和风扇，正午可躲古柏林遮荫
💡 一句话总结：买联票+东门进+祈年殿+防暑防晒！ ps：景点离北京南站大约3公里左右（打车需要预留半个小时）出差或者中间有半天时间完全可以过来逛逛 嗨，这里是爱玩又会玩的花花✨
专注发掘city walk、徒步、露营等户外小众玩法～
点点关注不跑丢，谢谢❤️🌟，欢迎评论区唠嗑，有问必回～
主页还有超多好玩地点等你挖宝哦！
#北京 #北京旅游#天坛公园 #国庆去哪儿 #北京旅游去 #旅游好去处 #北京吃喝玩 #假期出游 #在胡同里遇见北京的秋天 #北京旅行
2025-09-24",,0,0,1183,5,post,,公园B
小红书,公园进去了能拍到这个殿吗,2025-09-29,0,5,0,0,comment,旺旺碎冰冰,公园B
小红书,需要买联票才行 或者公园票加祈年殿 不然只能拍到一半,2025-09-29,0,1,0,0,comment,"南京小游记
作者",公园B
小红书,今天下午五点以后的天坛,2025-10-04,0,1,0,0,comment,guan心,公园B
小红书,额滴神,2025-10-07,0,0,0,0,comment,Re.,公园B
小红书,不能只买景点票吗,2025-10-04,0,0,0,0,comment,荔枝妈妈成长日记,公园B
小红书,可以单买哦,2025-10-04,0,1,0,0,comment,"南京小游记
作者",公园B
小红书,你现在在北京？,2025-09-26,0,4,0,0,comment,我叫果冻📷（进👗交流版）,公园B
小红书,去了五天，回来了～,2025-09-26,0,1,0,0,comment,"南京小游记
作者",公园B
小红书,本来规划了国博想逛天坛，结果走完一个累的不行,2025-10-21,0,0,0,0,comment,小只不小只,公园B
小红书,这个地方挺大的，都走下来确实累的不行～,2025-10-21,0,0,0,0,comment,"南京小游记
作者",公园B
小红书,这地方需要提前预约吗,2025-09-28,0,0,0,0,comment,今天也要喝美式,公园B
小红书,不需要预约哦，买票刷二维码直接进,2025-09-28,0,0,0,0,comment,"南京小游记
作者",公园B
小红书,太好了,2025-10-16,0,2,0,0,comment,momo,公园B
小红书,@茉莉雨Rainie_yh,2025-10-13,0,1,0,0,comment,满是风声,公园B
小红书,"今日天坛公园
地铁🚇出行：东门进西门出
祈年殿＋皇穹宇（限定版）＋圜丘＋斋宫
编辑于 昨天 11:44 北京",,0,0,2,0,post,,公园B
小红书,请问天坛在维修吗？不能看到天坛吗？,2026-06-13,0,0,0,0,comment,EmilyQ,公园B
小红书,祈年殿没有，就皇穹宇好像说维修到6月30日,2026-06-13,0,0,0,0,comment,"泡泡糖
作者",公园B
小红书,今天会下雨吗,2026-06-13,0,0,0,0,comment,momo,公园B
小红书,多云，偶尔下一点点雨，即使是下雨也就几分钟,2026-06-13,0,1,0,0,comment,momo(最红版),公园B
小红书,几点,2026-06-13,0,0,0,0,comment,vus,公园B
小红书,"如何把女朋友拍好看（天坛篇）
一定要去看看秋天的天坛呀！
收下这份「天坛拍照攻略」，全程傻瓜教学，快转给男友抄作业🫳🏻
————————————————————
1️⃣放低机位、稍微仰拍，镜头放大2-3倍能有效避开人流。
2️⃣最好穿纯色、尤其是深色衣服，更容易出片。
3️⃣构图记得巧妙利用前景、中景和远景，增强层次。
4️⃣最好带上相机或CCD
🔥祈年殿必拍
远景：皇乾殿侧门石阶！放大仰拍囊括穹顶+无人空镜
中景：西配殿墙角！红窗棂当框架，人站九宫格右下四格
近景：站在汉白玉栏前拍特写
👉🏻其他机位
祈年殿西门检票口
祈年殿东门检票口右侧
北门左右两处栏杆（檐角➕转角围墙➕祈年殿）
右栏杆继续往右走（草地绿瓦灰墙➕祈年殿）
皇乾殿围墙和栏杆处
祈年殿背面
祈年殿南出口、正门（🉑拍到祈年殿正面）
祈年殿出来红墙处
👉🏻圜丘皇穹宇回音壁也别忘了打卡
👉🏻还可以去西门林间夹道拍落日（拍出来简直冷白皮）
————————————————————
快@你的专属拍照搭子，下次去天坛直接抄作业！
#一分钟拍照灵感 #拍照技巧 #给女朋友拍照 #男友拍照 #女生拍照姿势 #拍照姿势 #男朋友是最好的摄影师 #北京旅游 #天坛公园 #拍照姿势 #来拍照了 #天坛 #天坛拍照 #拍照姿势不重样 #我的随手拍
2025-09-19",2026-06-08,0,0,5871,0,post,,公园B
小红书,我想去 但是找不到小伙伴,2025-10-29,0,0,0,0,comment,小柒,公园B
小红书,啥时候,2025-10-29,0,0,0,0,comment,moon,公园B
小红书,全是路人,2025-09-28,0,1,0,0,comment,说话嚣张女士,公园B
小红书,蒙奇奇,,0,0,0,0,comment,地主家也没有余粮了,公园B
小红书,试了，建模不行,2025-11-05,0,0,0,0,comment,雪糕🍦,公园B
小红书,学废了，给男朋友拍,2025-10-13,0,3,0,0,comment,网上邻居,公园B
小红书,我可太需要了,2025-10-16,0,1,0,0,comment,珉_59706428,公园B
小红书,学会了但是没有女朋友,2025-09-26,0,1,0,0,comment,Top灬小神经,公园B
小红书,@噜噜噜噜噜噜噜噜 这个也码住,,0,0,0,0,comment,qaqwaw,公园B
小红书,gonggggbaggggggggügg,,0,0,0,0,comment,偏爱晚风,公园B
小红书,@甘国洋,,0,0,0,0,comment,梨涡远点,公园B
小红书,@Tracy小万,,0,0,0,0,comment,Lavender,公园B
小红书,@无语羊羊,,0,0,0,0,comment,懋,公园B
小红书,@halla,,0,0,0,0,comment,fairy,公园B
小红书,滚来拍照,,0,0,0,0,comment,fairy,公园B
小红书,@小红薯68134F01,,0,0,0,0,comment,是不是你偷吃我的糖,公园B
小红书,@发现喜欢的人是直男于是女装去跟他面基,2025-12-28,0,0,0,0,comment,发现男友出轨做零后我换上女装含泪加入,公园B
小红书,@他年寄愿,2025-12-12,0,0,0,0,comment,Solarix,公园B
小红书,@Krismile,2025-12-05,0,0,0,0,comment,此时相望不相闻,公园B
小红书,@丶1122,2025-11-22,0,0,0,0,comment,kkkikk,公园B
小红书,@😇,2025-11-09,0,0,0,0,comment,attempt.💜,公园B
小红书,@序言,2025-11-02,0,0,0,0,comment,濯桃枝,公园B
小红书,我学。,2025-11-02,0,0,0,0,comment,序言,公园B
小红书,@LFLin,2025-11-01,0,0,0,0,comment,Hiyoyo,公园B
小红书,@苦艾酒.,2025-10-07,0,0,0,0,comment,蕊,公园B
小红书,@iiiiiii,2025-10-01,0,0,0,0,comment,神秘章鱼🐙,公园B
小红书,@冬天的访客,2025-09-25,0,0,0,0,comment,栗子🌰麗,公园B
小红书,@江西彭于晏,2025-09-25,0,1,0,0,comment,阳阳的日常,公园B
小红书,收到,2025-09-25,0,1,0,0,comment,江西彭于晏,公园B
小红书,@欢欢,2025-09-23,0,0,0,0,comment,张Bob的堇葶壳r🦄,公园B
小红书,收藏加学习,2025-09-23,0,1,0,0,comment,欢欢,公园B
小红书,"北京第二弹，天坛公园
带两个老人，走遍#天坛 ，大概用时3.5h，跟着走不白来～
1，不用预约门票线上线下买都行，我是门口售票处买的，买的联票（但没买神乐署哈）
2，我早上打滴滴8点到公园东门，11点半左右出的公园，走走停停3.5h，全程没有往返路，没有选择讲解哈，景点不多，有些宫殿是物件展览，就自己提前做了攻略～
3，用图手搓了路线，标了橙色虚线和红色箭头，这次选择的东门进东门出，依次是：东门-宰牲亭-长廊-祈年殿-黄乾殿-百花园-双环万寿亭-斋宫-钟楼-三座门-圜丘-回音壁-黄穹宇-丹陛桥-七星石-东门
4，#祈年殿（必去） ：东门进来就是宰牲亭，有块绿色的导览图（字太小就没用这个标路线）带老人的可以关注下卫生间🚻位置。出来顺着长廊就到祈年殿了，这个位置进来不是正门，拍正面的稍微往往前转两步。这比故宫强，上台阶到宫殿门口能看到里面布置。旁边台阶下去是供奉的黄乾殿，有点陡注意下。绕祈年殿一圈从台阶下来，走祈年门出来去双环万寿亭。这个门洞有小卖部，夏天吃冰棍，冬天还是带着保温杯吧～
5，去双环万寿亭会路过百花园，有百花亭，9月底去的景色还不错，现在北风一吹可能稍显逊色。双环万寿亭是孔雀蓝琉璃瓦造型挺有意思的，附近还有扇面亭啥的～
6，再出来顺着走是斋宫，正殿是无梁殿，有铜人手持斋戒。斋宫有个钟楼太和钟，历史上说皇帝进出会鸣钟
7，走过三座门，直接去#圜丘 （必去），环绕了九圈台面石，中间有个天心石，据说站上去说话特别洪亮，大家都在那排队，看了眼就撤了，在下面的矮红墙按照红薯攻略拍了很多照片hhh，就是技术太一般。
8，黄穹宇就是#回音壁 （必去）哈，门口拍拍照，回音壁现在围起来了，不能直接摸了，在宫殿两侧可以试试回音，当天去有外国人测试说英语哈哈哈，附近有个九龙柏，树皮好像九条龙，有兴趣可以看
9，丹陛桥中间是神路，北高南低，走一走感受下就行，我们觉得公园环境好，就拐出来穿公园去七星石了
10，去七星石的路上你会发现一大堆人的路线，朋友这就是大名鼎鼎的#天坛相亲角 了，感兴趣就走一走哈，从人群穿出来就是七星石啦～
11，#七星石 是7块山型纹的大石头，我们简单拍照后，就往东门走，出来了
说说环境哈，小松鼠随处可见，也不怕人，前一阵子的银杏树也非常好看，当个公园走一走不错的，路线也不用全走完哈，经典的祈年殿，圜丘，回音壁这三个去了就行。
最后，出行顺利，平安开心
编辑于 2025-11-19",2026-06-08,0,0,543,1,post,,公园B
小红书,周末去不预约能进去吗姐妹，因为行程有一点不确定,2025-12-11,0,1,0,0,comment,momo,公园B
小红书,朋友，可以的。天坛是大公园，直接门口买票就行。前面出差了两周，太忙就没咋看小红书，希望没耽误你行程。,2025-12-16,0,10,0,0,comment,"有猫想狗
作者",公园B
小红书,你好，想问下联票的景点差不多逛多久时间呀？,,0,0,0,0,comment,RABBAEK🐰🥕（入坑就听到雌雄同体版,公园B
小红书,老师你去了吗？大概需要多久,,0,0,0,0,comment,菜菜卜爱吃菜🥕,公园B
小红书,很详细,,0,1,0,0,comment,Jessy,公园B
小红书,亲，是不是买联票才可以去祈年殿那些景点宫殿？,,0,1,0,0,comment,爱Tramp的小绿,公园B
小红书,吃饭呢？,,0,0,0,0,comment,MOMo🍓,公园B
小红书,你住哪个酒店呀,,0,0,0,0,comment,肉肉,公园B
小红书,门票联票都包括吗,,0,1,0,0,comment,연추🎈秋,公园B
小红书,谢谢你的分享,,0,1,0,0,comment,是鸣鸣呀～,公园B
小红书,老年人进祈年殿景点需要预约吗？还是直接刷身份证进就可以,,0,0,0,0,comment,旺旺帆儿,公园B
小红书,姐妹 那边打车费用贵么 好打么,,0,0,0,0,comment,肉肉,公园B
小红书,"天坛观鸟6.14 - 燕隼
昨天问有没有去天坛的盆友，被回答天坛里有猫啊
	
顶门来天线下看燕隼罚站一个半小时，大爷大妈遛一圈了回来路过低声说，这小伙子怎么还杵着呢……我也纳闷呢
	
图8是彩蛋，偶遇“青蛇白蛇”太美了
7小时前 北京",2026-06-08,0,0,0,0,post,,公园B
小红书,昨天去的只看到了红隼,2026-06-14,0,0,0,0,comment,憨,公园B
小红书,运气好棒👍,2026-06-14,0,0,0,0,comment,"鱼儿盘子
作者",公园B
小红书,那看来那天我去了就看着和喜鹊打架，属实运气挺好,2026-06-14,0,0,0,0,comment,野趣,公园B
小红书,可说呢,2026-06-14,0,0,0,0,comment,"鱼儿盘子
作者",公园B
小红书,"人生建议:来北京一定要来看一次天坛公园，简直是中式美学的天花板，想要看看你们拍的祈年殿的照片😲不过天坛公园真的太多人了吧🥺
	
天坛公园要是第一次来是建议买联票的
不然进不去祈年殿那边，拍不到照片
还有寰丘那边，这两个地方都是需要门票🎫的
联票34元/人，我们是坐公交和地铁🚇到的天坛公园
因为北京很堵，打车和坐公交地铁差不多一个时间
所以建议坐地铁或者公交，我们是从西门进去的，进去两边都是很高大的树🌲，很好看，站在中间那边拍照会有很感觉，但是那时候天阴阴的，会有点背光 拍不了，建议去之前看下天气，尽量选天气好的时候去
一直从西门往前走，走了一会，右手边会有一个景点，斋宫，我们没去，因为要赶去看祈年殿没时间，有时间的姐妹可以去，然后上台阶左边是祈年殿，右手是寰丘回音壁那边，我们先去的祈年殿，很多人，要排队，尽量选择仰拍祈年殿或者站在进去的门口拍几张，很好看，但是我不是相机📷，拍的就这样了，希望有拍的好看的可以在我这里留一些照片，哈哈哈
后面去的寰丘没有祈年殿好看，但是人少，那边回音壁也在，很多人站在哪里拍照📸，下去就是出口，如果你很赶时间就基本上逛这几个景点就够了，这是省时间的路线，不然你还可以多逛逛，回去门口只有一个公交147路，很多人，那次是坐公交特别挤的一次，人完全是被挤上去的😥😨北京的公交特别要注意一下要刷两次，不然就要补票，很麻烦，其他的没啥，希望看一下你们拍的天坛照片
天坛公园是每周五六才会亮灯哦，去的姐妹👭时间不要看错了，亮灯后的祈年殿真的绝美
#历史人文景点  #红墙蓝瓦片片祈年 #天坛 #天坛公园 #祈年殿 #祈年殿亮灯 #人人人从从从众众众 #中国人独有的浪漫 #北京旅游 #北京打卡
2025-09-17",2026-06-08,0,0,18,0,post,,公园B
小红书,什么设备拍的,2025-11-30,0,0,0,0,comment,芋泥盒子,公园B
小红书,就是手机相机没电了,2025-12-01,0,3,0,0,comment,"羊羊羊毛卷
作者",公园B
小红书,哈哈人真的好多！不过还是很美,2025-09-18,0,0,0,0,comment,谭一一yiyiya,公园B
小红书,哈哈哈哈，对，真的好好看，天坛太美了,2025-09-18,0,1,0,0,comment,"羊羊羊毛卷
作者",公园B
小红书,"天坛地图
一处不落的逛天坛
天坛南门进～圜丘～回音壁～祈年殿～祈年殿东门出～七星石～北门花境～科普园～祈年殿北侧网红打卡点～百花园～花海～双环万寿亭～斋宫～神乐署～市集～天坛文创丹陛桥～南门出
猜你想搜
天坛公园地铁几号口出
2025-10-01",2026-06-08,0,0,43,1,post,,公园B
小红书,这样走下来大概需要多长时间呀,,0,1,0,0,comment,momo,公园B
小红书,看步幅和速率，一般的话不排队，不拍照一个小时，,,0,0,0,0,comment,"春风化雨
作者",公园B
小红书,"清晨的天坛公园
清晨七点从天坛东门入园，晨光微凉，园内十分清净。缓步走到祈年殿时刚七点半，举着各色旗帜的旅行团陆续抵达，热闹慢慢涌了上来。
漫步古柏林间，偶遇小松鼠，或树间跳跃，或安然蹲坐进食，自在灵动。
#早起逛公园 #天坛公园松鼠 #天坛公园
编辑于 6小时前 北京",,0,0,1,0,post,,公园B
小红书,拍的真好，天坛公园是个巨大的能量场,2026-06-14,0,0,0,0,comment,胖梨离宝离宝,公园B
小红书,"北京半日游！天坛公园+天安门广场！！
 北京真得没白来！！
	
天坛公园，始建于明永乐十八年(1420年)，明嘉靖九年(1530年)改名为“天坛”，是明清两代皇帝“祭天”“祈谷”的场所，是中国现存最大的古代祭祀性建筑群。民国七年(1918年)1月1日，辟为天坛公园。
天坛公园由两道坛墙环绕，被分为“内坛”“外坛”两部分;域北呈圆形，南为方形，寓意“天圆地方”;主要由春季祈祷丰年的“祈谷坛”，冬至日祭天的“圜丘坛”，皇帝祭祀前居住的斋宫、演习祭祀礼乐的神乐署四大古建筑群组成；祈谷坛中的祈年殿是北京市的标志性建筑。
	
游览路线:
（一）天坛：东门	—长廊	—祈年殿—	皇穹宇—	回音壁—	圜丘	—	双环万寿亭	—南门
双环万寿亭	，隐藏在万树丛中，拐弯才能看到。
 （二）天安门广场
	
提要：
 1.祈年殿:
三重檐蓝色琉璃瓦圆形大殿，象征天穹，是祈谷仪式的核心场所，其28根立柱暗合四季、十二月与二十四节气。
2.圜丘坛:
三层汉白玉圆台，冬至祭天所用，声学设计独特，站在中心呼喊可产生显著回音。
3.斋宫与神乐署:
皇帝祭祀前的斋戒居所及礼乐演练机构，其中神乐署传承的中和韶乐为国家级非物质文化遗产。
	
（一）天坛公园
1.位置：
北京市东城区天坛内东里甲1号。
2.天坛公园开放时间：
06:30-22:00(淡季时	间;最晚入园21:00)。
3.天坛公园门票价格	：
联票：34元/人。
（能进祈年殿，皇穹宇，圜丘。）
4.交通：
东门:  地铁5号线“天坛东门站”A口出，步行约5分钟可达。
	
（二）天安门广场：
  1.提前预约。
  2.从天坛南门到天安门广场东门的交通:
地铁5号线转1号线【 从天坛南门步行约10分钟至永定门外站(5号线)，乘坐5号线至东单站换乘1号线，再乘坐1号线至天安门东站下车，全程约20分钟。】
	
#我的博物馆不白逛 #北京天坛公园 值得一去的博物馆 #一砖一瓦一红墙 #在博物馆感受一眼万年 #探索博物馆 #总要去一次首都 #没有白来北京 #历史的震撼 #天安门广场 #北京
猜你想搜
北京天坛公园到天安门广场怎么走
2025-08-07",,0,0,256,1,post,,公园B
小红书,从天坛过去的话，天安门约哪个口比较好呢,2025-10-11,0,1,0,0,comment,走向世界的淑芬,公园B
小红书,不好意思，我也是第一次去！怕说错，抱歉哈！,2025-10-11,0,1,0,0,comment,"竹福雷
作者",公园B
小红书,天坛是东门进，南门出，再从南门去天安门看降旗是么,2025-08-12,0,7,0,0,comment,十一笔画,公园B
小红书,是的,2025-08-12,0,3,0,0,comment,"竹福雷
作者",公园B
小红书,那就是从东门出，然后坐地铁五号线转一号线到天安门东吗,2025-10-01,0,4,0,0,comment,耶果冻,公园B
小红书,"德国好友想去天坛玩，你确定你玩得起来？？
#外国人在中国 #外国人 #chinatravel #天坛大爷 #北京旅游 #北京 #幽默 #搞笑 #vlog #带外国人体验中国文化
04-29",,0,0,190,24,post,,公园B
小红书,我和北京大爷 谁看着更老一点,,0,24,0,0,comment,"歪果仁研究协会
作者",公园B
小红书,跨度太大了，当然是大爷老，有没有兴趣和40岁的比一次,,0,17,0,0,comment,悠然见南山,公园B
小红书,找到那个石狮子！当个事办,,0,130,0,0,comment,小红薯63267161,公园B
小红书,听你的！,,0,9,0,0,comment,"歪果仁研究协会
作者",公园B
小红书,博主31岁？？怎么看起来四五十了，,,0,38,0,0,comment,andy_L,公园B
小红书,扎心了,,0,8,0,0,comment,"歪果仁研究协会
作者",公园B
小红书,买四瓶豆汁送朋友 哈哈哈哈哈哈哈哈 太搞笑,,0,12,0,0,comment,zhuoliumakeup,公园B
小红书,-4朋友,,0,1,0,0,comment,叮叮当当,公园B
小红书,哈哈哈哈笑死我了北京人认证你是会玩的够地道了,,0,8,0,0,comment,噗丝噗丝,公园B
小红书,请叫我老内,,0,5,0,0,comment,"歪果仁研究协会
作者",公园B
小红书,高佑思31？really？,,0,2,0,0,comment,阿洵,公园B
小红书,我一直以为高佑思跟星悦她爸爸岁数差不多,,0,0,0,0,comment,阿洵,公园B
小红书,世界杯的梗过分了,,0,27,0,0,comment,紫幽吃喝玩乐,公园B
小红书,地狱笑话,,0,9,0,0,comment,海绵宝宝来份蟹黄堡,公园B
小红书,可以试试豆汁冰淇淋～,,0,3,0,0,comment,Craig,公园B
小红书,告诉我好不好吃,,0,1,0,0,comment,"歪果仁研究协会
作者",公园B
小红书,你才31？？？,,0,10,0,0,comment,momO,公园B
小红书,他是95年的，确实是31岁,,0,0,0,0,comment,云七七,公园B
小红书,每天都点开小红书看你有没有更新的视频,,0,3,0,0,comment,Lau Syut Jan,公园B
小红书,可以期待一下,,0,1,0,0,comment,"歪果仁研究协会
作者",公园B
小红书,"📍天坛公园｜红墙蓝瓦间，听见600年的回响
课本里的祈年殿，
六百年的天地祭坛，
蓝瓦金顶接住了漫天霞光，
青砖红墙藏尽了中式美学。
-
🌟🌟游玩攻略：
2️⃣小时高效游玩路线（不走回头路）：
东门进→祈年殿（西侧机位拍照）→皇乾殿→丹陛桥→圜丘坛→回音壁→西门出
直接抄作业，精华景点全覆盖
	
交通🚇：5号线天坛东门站A1口，步行2分钟直达
门票🎫：直接买联票！旺季34元/淡季28元，含大门票+祈年殿+回音壁+圜丘
	
关于穿搭👗：白/米/黑/素色、新中式最出片
📸最佳时间：早7:30-10:00和下午14:00-日落
	
📝Tips：
周一核心景点闭馆（法定节假日除外）
17:00停止进入核心景区，建议16点前入园
-
#天坛公园 #天坛拍照 #北京旅游 #北京景点预约 #毕业旅行第一站 #毕业旅行清单 #天坛攻略 #富士直出 #祈年殿 #暑假旅游
编辑于 2天前 北京",,0,0,6,0,post,,公园B
小红书,你去白鲸玩了啊！！！,2026-06-12,0,0,0,0,comment,斯塔提_涂尔夫,公园B
小红书,啊哈哈哈,2026-06-12,0,0,0,0,comment,"快把她带走
作者",公园B
小红书,小姐姐容貌气质出众，可惜摄影师只拍了游客照,2026-06-12,0,0,0,0,comment,浪🙉哥,公园B
小红书,"天坛光影｜暮色•祈年殿
因为上班的地方离天坛公园很近，所以经常在下班后去天坛逛逛，吸吸氧，久而久之养成了拍祈年殿的习惯。
虽然进不去祈年殿院内，但隔着宫墙也有不少拍祈年殿的好机位，尤其在日暮时分、亮灯时分都非常出彩。
看过世界，更爱东方，不得不佩服老祖宗的审美实在是太惊艳了。
猜你想搜
亮灯的天坛在哪里可以拍
编辑于 3天前 北京",2026-06-14,0,0,1,0,post,,公园B
小红书,以前在北京时住崇文门 那个新逸家园，离天坛公园可近了。经常去天坛公园玩 没感觉美，只觉得公园里空气好。随着年龄增加 阅历增加，不得不佩服老祖宗的审美。,2026-06-11,0,0,0,0,comment,Pusi&颖,公园B
小红书,同感 我也是,2026-06-11,0,0,0,0,comment,"蹉跎
作者",公园B
小红书,漂亮,2026-06-11,0,1,0,0,comment,"蹉跎
作者",公园B
小红书,祈年殿真的好好看啊～～～怎么看都好看,2026-06-11,0,0,0,0,comment,芋头红薯南瓜粥,公园B
小红书,古建真的太美了,2026-06-11,0,0,0,0,comment,"蹉跎
作者",公园B
小红书,故建筑几乎总是黄昏或夜晚亮灯时最美,2026-06-11,0,0,0,0,comment,遥远的风景线,公园B
小红书,没错,2026-06-11,0,0,0,0,comment,"蹉跎
作者",公园B
小红书,别具一格的审美！,2026-06-14,0,0,0,0,comment,梦境与現實,公园B
小红书,很美的天坛,2026-06-11,0,0,0,0,comment,陈的裁判宇宙,公园B
小红书,很美 值得看的东西太多了 也是市内最大的绿肺,2026-06-11,0,0,0,0,comment,"蹉跎
作者",公园B
小红书,这么金碧辉煌，是灯光还是夕阳？,2026-06-11,0,0,0,0,comment,洛伊马有在用心生活,公园B
小红书,夕阳,2026-06-11,0,1,0,0,comment,"蹉跎
作者",公园B
小红书,夜晚好美,2026-06-13,0,0,0,0,comment,刘一手(有赞必回),公园B
小红书,惊艳,2026-06-11,0,0,0,0,comment,长流水（勿连赞）,公园B
小红书,晚上的是真好看,2026-06-11,0,0,0,0,comment,爱拍照的鲍师傅,公园B
小红书,"天塌了， 事情是这样的 去了北京天坛 然后我以为这个圆圆的好看的就是网上最火的那个图 回来发现大家拍的和我拍的不太一样 网上查了才知道这叫回音壁 买的联票却没有去祈年殿 啊啊啊#北京天坛公园 好难过
编辑于 2025-08-04",,0,0,98,90,post,,公园B
小红书,姐妹很同情你的遭遇，但真的很搞笑啊，你真的没发现这两长得不一样吗，还有你进去大概也能看见祈年殿的顶啊,2025-08-04,0,90,0,0,comment,浮生若梦,公园B
小红书,西门进的 走过去腿走废了人也累瘫了,2025-08-04,0,6,0,0,comment,"小红薯63D81E7A
作者",公园B
小红书,请问这个机位在哪呢,2025-08-05,0,1,0,0,comment,最后我也叫momo🥕,公园B
小红书,买的周一，本来准备去玩颐和园再去天坛，发现祈年殿那几个，周一不开，又退了，打算周二国博看完再去，看体力吧，周三长城，周末去的环球，有点太累，哪里都要提前预约，颐和园都没约上9:00-12:00的，北京很好，以后不想来了，费腿,2025-08-04,0,15,0,0,comment,一棵树🌲,公园B
小红书,颐和园不预约啊,2025-08-04,0,12,0,0,comment,-每天都好困^,公园B
小红书,天呐，我居然刷到了跟我一样的大聪明，哈哈哈，我还说怎么拍照的人不多呐，啊啊啊啊,2025-08-04,0,32,0,0,comment,24K纯金金,公园B
小红书,你看没看见那上头写的三个大字“皇穹宇”,2025-08-04,0,19,0,0,comment,哦酱紫,公园B
小红书,其实这个角度就够了哈哈哈哈哈,2025-08-03,0,21,0,0,comment,酸姜片切,公园B
小红书,只看这个门票多少啊,2025-08-04,0,1,0,0,comment,顺遂,公园B
小红书,今天下午刚拍的,2025-08-14,0,8,0,0,comment,momo,公园B
小红书,我拍过这个角度,2025-08-14,0,5,0,0,comment,Pro,公园B
小红书,没关系，我买了颐和园全票，然后因为菜在门口蹲了三小时，没走进去，就回来了,2025-08-03,0,3,0,0,comment,祖国富强繁荣,公园B
小红书,我昨天下午去恭王府，因为人太多，进去第一个大殿就掉头出来了，人多到喘不动气,2025-08-03,0,1,0,0,comment,momo,公园B
小红书,哇这个角度蓝色的超级喜欢,2025-08-04,0,0,0,0,comment,momo🐱,公园B
小红书,真的很爱这个“胖子”,2025-08-04,0,1,0,0,comment,🌈peace&L,公园B
小红书,可能可一个位置拍的,2025-08-04,0,1,0,0,comment,独立寒秋里,公园B
小红书,别不开心了，送你一张我拍的夜景叭,2025-08-04,0,66,0,0,comment,化腐朽为神亓女士,公园B
小红书,绝了姐妹,2025-08-04,0,7,0,0,comment,大大大泡泡糖🥕,公园B
小红书,"天坛30块2张拍的
拍了10张感觉一言难尽，但这个景点手机拍的话，没点技术基本出不了片（图五手机拍）最后选了两张比较没表情动作的，因为感觉这个场合不是很适合一些可爱的动作，成片也不知道哪里出问题了，好不像我，感觉拍出来好显胖呀哈哈哈图二四是小红书野生p图大神在评论区给我修的！！感恩！#天坛 #天坛拍照 #天坛约拍
编辑于 2025-10-26",2026-06-14,0,0,275,437,post,,公园B
小红书,晚上去随手拍的，我估计我给路人的赔偿就不止30,2025-10-14,0,437,0,0,comment,锅包肉馅,公园B
小红书,很有年代感了,2025-10-15,0,182,0,0,comment,烤火的雪人,公园B
小红书,不是现在都不能商拍了吗,2025-10-18,0,13,0,0,comment,琪琪,公园B
小红书,会有人偷偷来问，然后偷偷拍,2025-10-18,0,50,0,0,comment,"居然不睡觉
作者",公园B
小红书,自己拍的有没有好心人帮我补救一下不会拍照的,2025-10-17,0,1,0,0,comment,你的名字叫点点,公园B
小红书,这样呢,2025-10-17,0,85,0,0,comment,不知道取什么名字,公园B
小红书,再一次明确了 我果然比较适合黑发,2025-10-19,0,53,0,0,comment,"居然不睡觉
作者",公园B
小红书,100元七张，你这个好便宜只能说拍的还可以，拿回去找人修一修还不错,2025-10-16,0,4,0,0,comment,小黄鸡麻麻,公园B
小红书,就是五元一张修的，把后面人P掉栏杆全给我P歪了,2025-10-16,0,3,0,0,comment,小黄鸡麻麻,公园B
小红书,正常的很少有30两张的,2025-10-21,0,4,0,0,comment,大wang📸(可约),公园B
小红书,一般人多少钱呢,2025-10-22,0,0,0,0,comment,亚拉索,公园B
小红书,我很满意我的,2025-10-17,0,4,0,0,comment,小揪揪,公园B
小红书,我也很满意你的,2025-10-18,0,1,0,0,comment,野生思考的吴敌,公园B
小红书,这张有救嘛,2025-10-19,0,1,0,0,comment,wuli爱人,公园B
小红书,这样也很好看,2025-10-21,0,0,0,0,comment,蛋挞带着芝麻糊流浪地球,公园B
小红书,我朋友给我拍的 是不是还不戳,2025-10-25,0,6,0,0,comment,土宝,公园B
小红书,就是背景虚化了,2025-10-28,0,5,0,0,comment,莫莫,公园B
小红书,"北京的公园可真好呀🌳🌳🌳
从西门闯进天坛公园的树世界！这波治愈感比祈年殿还戳我🤩🤩🤩
谁懂啊家人们！本来是奔着天坛的红墙金顶来的，结果从西门一拐，直接被满屏的古树勾走魂——别的游客在祈年殿前排长队，我在古树林里踩着光斑发呆那些树啊，明明都几百岁了，枝干却还像憋着劲儿往上蹿，粗得要两人合抱的树干上，裂着深浅不一的纹路，摸上去糙糙的，却透着股“我还能再活五百年”的倔强
阳光穿过层层叠叠的树叶🍃碎成星星点点的金斑洒在青石板上，树影婆娑起舞✨深吸一口气，全是草木混着历史的清冽味儿～瞬间觉得自己站在这里发呆都赚到了
最戳人的是树底下的光景：大爷大妈搬着小马扎坐成圈，有的慢悠悠打太极，有的扯着嗓子聊家常，古树就那么静静站着，枝丫垂下来像在听，风一吹，叶子沙沙响，像在应和。这种“树与人共生”的画面，比任何风景都戳我
现在我单方面宣布：天坛的树，是继南京玄武湖之后，我心中的治愈系top2！比起挤着打卡热门景点，站在几百年的古树底下，看它把岁月长成枝繁叶茂的样子，才是真的赚到～树控们听我的，下次来天坛，从西门进，虽然无法直奔祈年殿，但是可以充分感受一下这波绿意暴击！
#天坛隐藏玩法 #古树治愈时刻 #北京小众逛法 #树控狂喜清单#天坛公园#在公园汲取能量 #逛公园才是正经 #我爱逛公园 #人类需要公园 #就要逛公园
猜你想搜
天坛公园门票
2025-08-04",,0,0,166,7,post,,公园B
小红书,北京的幸福指数 一半来源于各种公园,2025-08-18,0,7,0,0,comment,不如吃茶去,公园B
小红书,北京人民有福咯,2025-08-18,0,0,0,0,comment,"十一点前睡觉
作者",公园B
小红书,这以前可是皇家公园 那肯定好呀 全世界都是一流的存在了,2025-08-15,0,4,0,0,comment,记号,公园B
小红书,真的中国人太幸福了,2025-08-15,0,0,0,0,comment,"十一点前睡觉
作者",公园B
小红书,感觉可以做上半天,2025-11-05,0,0,0,0,comment,快乐兔子,公园B
小红书,是嘟,2025-11-06,0,0,0,0,comment,"十一点前睡觉
作者",公园B
小红书,你感受下天黑之后的,2025-08-05,0,3,0,0,comment,终极侧位,公园B
小红书,怎么感觉背后有股凉意我还是白天去,2025-08-05,0,1,0,0,comment,"十一点前睡觉
作者",公园B
小红书,天坛除了冬季差点意思，其他三季都不错。不过如果遇到下雪就不输故宫。,2025-08-06,0,6,0,0,comment,行走的风景,公园B
小红书,真不错呀,2025-08-06,0,0,0,0,comment,"十一点前睡觉
作者",公园B
小红书,你的文采好好，我们今天刚去的天坛公园，我也是最喜欢里面的古树，感觉北京人民好幸福呀……,2025-08-15,0,1,0,0,comment,我想要个时光机吖,公园B
小红书,哈哈哈我也是真的被治愈到了真的，爱北京！爱中国,2025-08-15,0,1,0,0,comment,"十一点前睡觉
作者",公园B
小红书,原来的单位离 天坛很近，每天中午吃饭，同事们都三两结队到天坛走一圈，好怀念！现在远了，也就只能偶尔周末去了。,2025-08-07,0,1,0,0,comment,华美的袍,公园B
小红书,周末能去也很幸福呀,2025-08-07,0,0,0,0,comment,"十一点前睡觉
作者",公园B
小红书,西门这段路磁场很好，附近还有精美的双亭,2025-08-06,0,7,0,0,comment,飞天26,公园B
小红书,是的！我感觉和我磁场好合，一进去就感觉很舒服,2025-08-06,0,0,0,0,comment,"十一点前睡觉
作者",公园B
小红书,里面的松柏树太香了，忍不住大口呼吸,2025-08-06,0,1,0,0,comment,小红薯6407D9F4,公园B
小红书,可不是😆😆😆,2025-08-06,0,0,0,0,comment,"十一点前睡觉
作者",公园B
小红书,疫情严重期间交通都停了，我每天骑车去天坛公园长跑，没有外地游客的喧嚣，只有很少的北京人，那真是一段静谧美好的时光,2025-08-06,0,8,0,0,comment,moke,公园B
小红书,人少肯定更治愈,2025-08-07,0,0,0,0,comment,"十一点前睡觉
作者",公园B
小红书,"北京 你磁场太强了！
北京拍照邪修法get
#北京 #天坛 #拍照姿势 #打卡 #合照
2025-11-16",,0,0,804,114,post,,公园B
小红书,第9张眼神那一刹暧昧又躲闪，像极了爱情,2025-11-21,0,114,0,0,comment,jones-s,公园B
小红书,也许是真的,2025-11-22,0,24,0,0,comment,I wanna ✨,公园B
小红书,我有个问题，弱弱的想问一下，是一对吗,2025-11-17,0,63,0,0,comment,钱辈，请和我交往吧,公园B
小红书,我也有点想问,2025-11-18,0,6,0,0,comment,古娜拉✨,公园B
小红书,想要左边男生的小红书号,2025-11-22,0,4,0,0,comment,小鱼不爱可爱多,公园B
小红书,完了 我只记得沸羊羊和为子 不知道小红书叫啥了[呃R],2025-11-25,0,7,0,0,comment,一起吃饭,公园B
小红书,帅哥,,0,0,0,0,comment,朱正廷头号粉丝,公园B
小红书,听姐一句，你俩这个颜值可不兴去东单公园嗷,2025-11-19,0,1,0,0,comment,momo,公园B
小红书,好养眼的一对我说,2025-11-18,0,0,0,0,comment,张欢芳,公园B
小红书,有丢儿帅,2025-11-17,0,1,0,0,comment,独角兽🦄,公园B
小红书,我去，右面的小哥咋那么帅好喜欢,,0,0,0,0,comment,吾一,公园B
小红书,弱弱的问你们两在一起了嘛,2025-11-18,0,1,0,0,comment,浮光菡萏,公园B
小红书,好看的男孩子,2025-11-17,0,0,0,0,comment,Miss任👸,公园B
小红书,真nm帅,,0,0,0,0,comment,问花叶,公园B
小红书,主播主播你和沸羊羊是什么关系,2025-11-22,0,1,0,0,comment,曲奇曲奇饼,公园B
小红书,好帅好帅,,0,0,0,0,comment,应拭雪,公园B
小红书,右边男生有小红书吗,,0,0,0,0,comment,快乐小神仙,公园B
小红书,帅呀～就是不知道你俩冷不冷,2025-11-17,0,0,0,0,comment,梨子,公园B
小红书,求衣服链接！,2025-11-17,0,0,0,0,comment,AAA孤独的狼123,公园B
小红书,找个时间我也要去,,0,0,0,0,comment,学海上岸资料,公园B
小红书,不好意思想问一下，你们是一对吗？,2025-11-19,0,1,0,0,comment,Eupatorium,公园B
小红书,你俩都好帅 好般配 是情侣么,,0,1,0,0,comment,🌈咕噜咕噜🥥椰子水OAO,公园B
小红书,周六你们是不是去了东门大栅栏逛街了？,2025-11-18,0,0,0,0,comment,Ivy-C欣,公园B
小红书,不冷吗,2025-11-17,0,0,0,0,comment,不如记微香,公园B
小红书,p8这里禁止睡觉,2025-11-18,0,0,0,0,comment,程玥祁🌟,公园B
小红书,第一张很OK,2025-12-15,0,0,0,0,comment,call咪贝贝,公园B
小红书,感觉主包第一张有一点点像王宏毅,2025-12-23,0,0,0,0,comment,🍰,公园B
小红书,想问下用什么设备拍的,2025-12-23,0,2,0,0,comment,.szz,公园B
小红书,你们两个建模怪帅到我了,2025-11-16,0,7,0,0,comment,甜甜熹紈^,公园B
小红书,哇，P9左边男生的侧颜绝了！,2025-11-18,0,0,0,0,comment,Jackie金奕萱,公园B
小红书,陪一张,2025-11-21,0,1,0,0,comment,仁久,公园B
小红书,哇弟弟好看,2025-12-01,0,0,0,0,comment,靓宝,公园B
小红书,哇。够靓仔,,0,0,0,0,comment,Oo,公园B
小红书,我想拍这个@Keying King @Triomphe,2025-11-17,0,0,0,0,comment,夏季芭乐啥呢,公园B
小红书,来 拍,2025-11-17,0,0,0,0,comment,无尽夏,公园B
小红书,两个我都笑纳了,2025-11-17,0,7,0,0,comment,惘闻,公园B
小红书,好好好两个我都笑纳辽,2025-11-17,0,0,0,0,comment,momo,公园B
小红书,你们啥时候去的人这么少,2025-11-17,0,0,0,0,comment,昭昭,公园B
小红书,我更喜欢灰色衣服的,2025-11-17,0,0,0,0,comment,星星的✨,公园B
小红书,阳光,2025-11-17,0,0,0,0,comment,小太阳,公园B
小红书,@一下另一位,2025-11-17,0,0,0,0,comment,怎么给你形容呢,公园B
小红书,太牛了哈哈哈哈哈哈哈哈,2025-11-17,0,0,0,0,comment,甜橙子,公园B
小红书,大庭广众之下你俩就这么躺下了？,2025-11-17,0,0,0,0,comment,城隅🍀,公园B
小红书,好萌🥹,2025-11-17,0,0,0,0,comment,jasmine,公园B
小红书,@玺玺喜逸逸 @孙悟猪猪zzz @Wine. 可颠,2025-11-17,0,0,0,0,comment,神火星双子座,公园B
小红书,北京今天这妖风咋拍出来的,2025-11-16,0,1,0,0,comment,芒果糯米饭打折了,公园B
小红书,这种白白净净的帅气男生只有南方出产,2025-11-16,0,0,0,0,comment,我是元丫头,公园B
小红书,真他娘的帅啊,2025-11-16,0,0,0,0,comment,素香菜大王!,公园B
小红书,是不是52为,2025-11-16,0,0,0,0,comment,小奕,公园B
小红书,好帅！今天怎么没让我遇到,2025-11-16,0,0,0,0,comment,Feng_yq啊,公园B
小红书,我也去了，今天太冷啦！风好大,2025-11-16,0,0,0,0,comment,小鱼,公园B
小红书,@momo 有你喜欢的吗,2025-11-16,0,0,0,0,comment,Yeahhhh,公园B
小红书,用支架拍的吗,2025-11-16,0,0,0,0,comment,小红薯6903E816,公园B
小红书,冷到这样出门根本不想拍照,2025-11-16,0,0,0,0,comment,WhosHORRY,公园B
小红书,我怎么没遇到,2025-11-16,0,0,0,0,comment,小红薯67CC0EBB,公园B
小红书,如此般配的二人,2025-11-16,0,1,0,0,comment,🚦,公园B
小红书,你们当中有两个人很好看。,2025-11-16,0,0,0,0,comment,乌拉那拉青樱就是如懿,公园B
小红书,我也没遇到,2025-11-16,0,2,0,0,comment,Kay,公园B
小红书,又跟为哥合体啦,2025-11-16,0,1,0,0,comment,洱普柑青喝爱,公园B
小红书,我勒个豆我今天怎么没偶遇到我都去了,2025-11-16,0,0,0,0,comment,那啥我实在没有地方分享了,公园B
小红书,第二张图片是一个滑铲就到天坛了吗,2025-11-16,0,0,0,0,comment,距离春天只有十公分的雪兔,公园B
小红书,等我回去也要去北京玩,2025-11-16,0,0,0,0,comment,momo,公园B
小红书,来咯来咯,2025-11-16,0,0,0,0,comment,momo,公园B
小红书,哇塞，两个大帅哥,2025-11-16,0,0,0,0,comment,Alice,公园B
小红书,第一，你俩怎么,2025-11-16,0,1,0,0,comment,阡月海屿,公园B
小红书,天赋怪以为是自己强,,0,0,0,0,comment,疟,公园B
小红书,99！！！！,,0,0,0,0,comment,唐唐不甜,公园B
小红书,快被大风吹成sb 了,2025-11-17,0,0,0,0,comment,🌽丁月雷🌽,公园B
小红书,@午夜煎饼,,0,0,0,0,comment,jzz,公园B
小红书,@甜妹小锦.,2025-11-17,0,0,0,0,comment,Kitty,公园B
小红书,@四月,2025-11-17,0,1,0,0,comment,莉莉安,公园B
小红书,@momo,2025-11-17,0,0,0,0,comment,用户已注销,公园B
小红书,"没人告诉我天坛公园是看不到祈年殿的呀
进门刷了年票 走了一公里 排队二十分钟 然后发现景点票售罄只能含泪原路返回 p7是我看到的唯一祈年殿
大家想去天坛公园跟祈年殿合照 一定一定要记得提前买景点票！！！
原路返回走累了 在公园长椅上随便拍拍 没想到也挺出片的～单逛公园也还不错 门口天桥地铁站口有一片银杏林 非常非常美 很多美女在这拍照📷尊嘟还不错#逛公园才是正经 #天坛公园
编辑于 2025-11-04",,0,0,112,7,post,,公园B
小红书,这不是能看到吗？,2025-11-04,0,7,0,0,comment,NevSayNev,公园B
小红书,这是哪个门进去能拍到呀,2025-11-04,0,3,0,0,comment,"qiuqiu💭
作者",公园B
小红书,西门进去没看着啊 这是在哪,2025-11-04,0,0,0,0,comment,"qiuqiu💭
作者",公园B
小红书,你是几点去的？祈年殿那院不可能售罄，是去的太晚止票了么,2025-11-04,0,1,0,0,comment,haigt,公园B
小红书,应该是周末人太多了 我去的又不算早,2025-11-04,0,1,0,0,comment,"qiuqiu💭
作者",公园B
小红书,卡卡出片,2025-11-04,0,4,0,0,comment,明天去拍照,公园B
小红书,拍的好牛！！[棒R][棒R][棒R],2025-11-07,0,2,0,0,comment,"qiuqiu💭
作者",公园B
小红书,那要怎么买呢,2025-11-04,0,1,0,0,comment,蜡笔小猪,公园B
小红书,公众号上就可以买哈 一定要提前约 现在秋天北京景点人超级多,2025-11-04,0,0,0,0,comment,"qiuqiu💭
作者",公园B
小红书,晚上好看,2025-11-04,0,1,0,0,comment,人老屁股松,公园B
小红书,这得等到几点呀,2025-11-04,0,0,0,0,comment,"qiuqiu💭
作者",公园B
小红书,我那天逛了故宫马不停蹄就来天坛，后来发现进去还要走一段路 ，实在走不动了，就在外围拍了两张撤了,2025-11-04,0,0,0,0,comment,papa piu,公园B
小红书,哈哈哈哈是的 大门进去到祈年殿好长一段路 好像回到了上学时候学校校门到教学楼 好长好长的一段路 没关系 好在外围也有取景出片的点,2025-11-04,0,0,0,0,comment,"qiuqiu💭
作者",公园B
小红书,我也没买票啊,2025-11-04,0,1,0,0,comment,北京～sherry,公园B
小红书,在哪里看到的？不用买票吗？,,0,1,0,0,comment,仓尽空,公园B
小红书,尽力了,2025-11-05,0,1,0,0,comment,张钥沅的宝子,公园B
小红书,这都是外面拍的,2025-11-04,0,1,0,0,comment,momo,公园B
小红书,"北京天坛公园攻略
1.可以带包，但不要带行李，行李不能带进去，天坛公园也没有免费寄存行李的地方，附近的商店可以寄存，大行李箱30块钱一次，小行李箱20块钱一次，书包10块钱一次。
2.可以带自拍杆，没有限制。
3.买联票一个地方也只能刷进去一次，不能回头刷。
4.四月份来北京记得戴口罩，因为柳絮飞扬跟下雪一样。
5.四月份天比较迟黑，天坛公园六点关门，看不了天坛夜景的。
6.可现场买票，不需要提前买。
2025-04-09",,0,0,24,3,post,,公园B
小红书,我看好多人带行李进去了啊，又不能带了吗,2025-05-16,0,3,0,0,comment,苗苗,公园B
小红书,不能带，随身书包好像可以,2025-05-16,0,2,0,0,comment,"白开水atfree
作者",公园B
小红书,天坛我当天去买票也可以？,2025-04-11,0,4,0,0,comment,桃子,公园B
小红书,可以，有窗口卖票的，就是得排队，还不如直接微信上直接约，刷身份证直接进去，退票也可以直接微信操作的。,2025-04-12,0,12,0,0,comment,"白开水atfree
作者",公园B
小红书,能带自拍杆的话，是不是也能带长柄伞啊去的那天怕下雨，只有长柄伞,,0,0,0,0,comment,白橙,公园B
小红书,可以,,0,0,0,0,comment,"白开水atfree
作者",公园B
小红书,现场买票是有实体票吗，小程序买就是没有对吧,,0,0,0,0,comment,皆序,公园B
小红书,应该是，我没去实体窗口买，直接小程序买了,,0,0,0,0,comment,"白开水atfree
作者",公园B
小红书,天坛能同一个门口进出吗,2025-09-04,0,1,0,0,comment,拴q,公园B
小红书,可以，但是你买票了的景点，出来就不能再进去了,2025-09-08,0,1,0,0,comment,"白开水atfree
作者",公园B
小红书,能带菜吗,2025-07-10,0,1,0,0,comment,先至葡萄熟透,公园B
小红书,可以带小背包嘛,2025-04-16,0,1,0,0,comment,六月,公园B
小红书,请问1.6米的，收缩起来30cm的手机自拍杆可以带进去吗？,2025-09-08,0,0,0,0,comment,别惹棉花啦,公园B
小红书,天坛不限好像不限的，放书包好了,2025-09-08,0,0,0,0,comment,"白开水atfree
作者",公园B
小红书,不是说有蜂巢吗,2025-04-28,0,1,0,0,comment,楠楠楠楠楠～,公园B
