platform,content,date,rating,likes,images,sight_id,park
携程,5分 超棒 奥林匹克森林公园分南园和北园，南北园横跨北五环，由生态廊道有机的连接在一起,2025-06-17,5,0,0,69342270,公园E
携程,奥林匹克森林公园分南园和北园，南北园横跨北五环，由生态廊道有机的连接在一起,,0,0,0,69342270,公园E
携程,4分 满意 这个公园很大，分为南、北两园，南园占地380公顷，北园占地300公顷,2025-05-17,4,0,0,69342270,公园E
携程,这个公园很大，分为南、北两园，南园占地380公顷，北园占地300公顷,,0,0,0,69342270,公园E
携程,5分 超棒 奥林匹克森林公园由北五环分割成南园和北园，公园总面积特别大，常年有各种活动，特别适合全家一起、夫妻情侣、家长带着孩子、闺蜜同行……休闲、走步、赏花等等,2025-06-24,5,0,0,69342270,公园E
携程,奥林匹克森林公园由北五环分割成南园和北园，公园总面积特别大，常年有各种活动，特别适合全家一起、夫妻情侣、家长带着孩子、闺蜜同行……休闲、走步、赏花等等,,0,0,0,69342270,公园E
携程,📍详细地址：奥林匹克森林公园位于北京市朝阳区北五环林萃路 🚗交通攻略：地铁八号线奥森南门出口即到,,0,0,0,69342270,公园E
携程,20230522全天： 1、“奥林匹克森林公园”位于5A景区“奥林匹克公园”,,0,0,1,69342270,公园E
携程,5分 超棒 超级有名的大公园，周边博物馆、娱乐中心商场啥都有,2025-02-11,5,0,0,69342270,公园E
携程,5分 超棒 奥林匹克森林公园有山有水景色宜人，每天塑胶跑道上锻炼身体的人们络绎不绝,2026-01-19,5,0,0,69342270,公园E
携程,奥森公园位于北京中轴线上，园子很大，分南园和北园,,0,0,0,69342270,公园E
携程,奥林匹克森林公园为2008年奥运会的配套公园，以北五环为界分为南园和北园,,0,0,1,69342270,公园E
携程,奥森公园被五环路拦腰分成南、北两园，南园有仰山、奥海、人造湿地，北园有花田野趣、雨燕塔等溪涧景观，每一处都有看不尽的风情,,0,0,0,69342270,公园E
携程,【景色】大都会里难得的能呼吸的公园，超大,,0,6,0,69342270,公园E
携程,北京奥林匹克森林公园分为南北两园，以横跨五环路的生态桥连接，南园以自然山水景观为主，北园则以小型溪涧景观为主,,0,0,0,69342270,公园E
携程,奥林匹克森林公园坐落在北五环，交通便利，地铁可达，集休闲、健身、亲子游的好去处，而且公园是免费的,,0,0,0,69342270,公园E
携程,5分 超棒 非常值得去的公共场所，塑胶跑道，林荫大道,2025-05-22,5,0,0,69342270,公园E
携程,奥林匹克森林公园位于北京市朝阳区，分为南园和北园，环境优美，是天然的氧吧，南园北园呈8字型的健步道全长10公里多，吸引了很多运动爱好者,,0,0,0,69342270,公园E
携程,北京奥林匹克森林公园是北京城北部地区的一片绿地，公园分为南园和北园,,0,0,0,69342270,公园E
携程,奥林匹克森林公园，位于北京市朝阳区北五环林萃路，属于奥林匹克公园的配套建设项目之一,,0,0,0,69342270,公园E
携程,5分 超棒 值得去，10公里步道，每天都有很多人来这里跑步,2025-10-23,5,0,0,69342270,公园E
携程,奥林匹克森林公园，雨后走走跑跑很舒服，空气好极了,,0,0,0,69342270,公园E
携程,在这附近居住了二年，领略过奥森的一年四季～春夏秋冬，变化万千，各有千秋,,0,0,0,69342270,公园E
携程,奥林匹克森林公园位于奥林匹克运动村的北面，公园面积巨大，北五环穿公园而过，把奥林匹克森林公园分成奥林匹克森林公园南园和北园,,0,0,0,69342270,公园E
携程,挺好，可以先去奥林匹克森林公园玩等黄昏时分登塔能看日落和夜景,,0,0,0,69342270,公园E
携程,环境不错，很适合拍照，枫叶银杏芦苇荡都很美，唯一可气的是旅游观光车的司机，之前说得好听路边等一会就有实在没有打电话就会派车来接，我们在芦苇荡下车拍了拍照由于赶飞机，就早早结束打了三次电话，一会说马上就来了，一会说一分钟就到，最后给他说赶飞机啊，整整等了半个小时！他还说还有四个人没接就过来了，门口停了四辆，实际就他一个人在循环开而已，最后飞机没赶上，退票也退不了，改签比重买还贵，另外还多花了四千多重买，气死了！,,0,0,0,69342270,公园E
携程,北京奥林匹克森林公园，事北京2008年奥运会的景观，分为南园和北园,,0,0,0,69342270,公园E
